<?xml version="1.0" encoding="UTF-8"?>
<beans xmlns="http://www.springframework.org/schema/beans"
       xmlns:xsi="http://www.w3.org/2001/XMLSchema-instance" xmlns:p="http://www.springframework.org/schema/p"
       xmlns:context="http://www.springframework.org/schema/context"
       xmlns:mvc="http://www.springframework.org/schema/mvc"
       xmlns:dubbo="http://code.alibabatech.com/schema/dubbo"
       xsi:schemaLocation="
       http://www.springframework.org/schema/beans
       http://www.springframework.org/schema/beans/spring-beans-4.2.xsd
        http://www.springframework.org/schema/mvc
        http://www.springframework.org/schema/mvc/spring-mvc-4.2.xsd
        http://code.alibabatech.com/schema/dubbo
        http://code.alibabatech.com/schema/dubbo/dubbo.xsd
        http://www.springframework.org/schema/context
        http://www.springframework.org/schema/context/spring-context-4.2.xsd">

    <!--扫描注解-->
    <context:component-scan base-package="cn.e3mall.controller"/>

    <!--适配器,处理器驱动-->
    <mvc:annotation-driven/>

    <mvc:resources location="/css/" mapping="/css/**"/>
    <mvc:resources location="/js/" mapping="/js/**" />

    <!--视图解析器-->
    <bean class="org.springframework.web.servlet.view.InternalResourceViewResolver">
        <property name="prefix" value="/WEB-INF/jsp/"/>
        <property name="suffix" value=".jsp"/>
    </bean>

    <!-- 引用dubbo服务 -->
    <dubbo:application name="e3-manager-web"/>
    <dubbo:registry protocol="zookeeper" address="172.16.4.165:2181,192.168.25.154:2182"/>
    <dubbo:reference interface="cn.e3mall.service.ItemService" id="itemService" />

</beans>